time,price,bid,ask,spread,volume,last_trade_price
1,100.0,99.84,,,0,
2,100.27,101.59,,,3,100.27
3,100.26,99.84,102.04,2.200000000000003,4,100.26
4,100.26,101.14,102.04,0.9000000000000057,0,
5,102.04,101.47,102.26,0.7900000000000063,1,102.04
6,102.4,101.47,102.4,0.9300000000000068,5,102.4
7,102.4,101.47,102.19,0.7199999999999989,0,
8,102.64,102.3,102.64,0.3400000000000034,7,102.64
9,101.04,101.48,101.7,0.21999999999999886,5,101.04
10,101.04,101.48,101.7,0.21999999999999886,0,
11,101.7,101.48,101.9,0.4200000000000017,5,101.7
12,102.64,102.91,,,8,102.64
13,102.64,103.14,,,0,
14,102.2,103.14,,,4,102.2
15,102.24,102.24,,,12,102.24
16,102.24,103.01,,,0,
17,102.2,104.37,,,1,102.2
18,100.83,103.43,,,4,100.83
19,102.66,102.84,103.31,0.46999999999999886,11,102.66
20,103.07,102.84,103.07,0.22999999999998977,2,103.07
21,102.68,102.68,103.07,0.38999999999998636,12,102.68
22,103.31,102.68,103.31,0.6299999999999955,3,103.31
23,101.49,102.2,103.31,1.1099999999999994,8,101.49
24,103.03,102.2,103.03,0.8299999999999983,2,103.03
25,103.03,102.2,102.43,0.23000000000000398,0,
26,103.31,103.87,104.0,0.12999999999999545,9,103.31
27,104.27,103.87,105.72,1.8499999999999943,11,104.27
28,103.05,102.2,103.06,0.8599999999999994,8,103.05
29,103.95,103.87,103.95,0.0799999999999983,6,103.95
30,102.65,103.65,103.95,0.29999999999999716,10,102.65
31,101.73,103.11,103.2,0.09000000000000341,4,101.73
32,101.31,102.21,103.2,0.9900000000000091,4,101.31
33,101.12,102.19,103.2,1.0100000000000051,7,101.12
34,104.19,104.41,105.54,1.1300000000000097,8,104.19
35,105.13,104.41,105.27,0.8599999999999994,5,105.13
36,102.84,102.34,102.84,0.5,17,102.84
37,102.84,103.59,103.81,0.21999999999999886,2,102.84
38,104.19,105.09,105.27,0.1799999999999926,4,104.19
39,105.54,105.09,105.54,0.45000000000000284,10,105.54
40,104.03,105.03,105.05,0.01999999999999602,10,104.03
41,104.66,104.6,104.66,0.060000000000002274,6,104.66
42,105.05,104.6,105.54,0.9400000000000119,8,105.05
43,104.6,104.6,104.63,0.030000000000001137,6,104.6
44,104.6,104.6,104.63,0.030000000000001137,0,
45,104.63,104.6,104.69,0.09000000000000341,1,104.63
46,103.35,104.6,104.69,0.09000000000000341,1,103.35
47,104.81,104.6,105.06,0.46000000000000796,6,104.81
48,105.54,104.6,105.72,1.1200000000000045,6,105.54
49,105.72,105.73,106.24,0.5099999999999909,9,105.72
50,105.63,105.73,105.91,0.1799999999999926,4,105.63
51,106.73,107.36,,,13,106.73
52,106.72,107.69,,,1,106.72
53,105.52,107.36,,,10,105.52
54,105.31,106.84,106.91,0.06999999999999318,2,105.31
55,105.31,106.84,106.91,0.06999999999999318,0,
56,105.31,106.84,106.91,0.06999999999999318,0,
57,106.91,107.38,,,1,106.91
58,106.41,107.41,,,3,106.41
59,104.98,107.41,,,3,104.98
60,104.98,107.41,,,0,
61,104.98,107.41,,,0,
62,105.95,106.84,,,7,105.95
63,105.95,106.84,,,0,
64,106.84,106.84,107.3,0.45999999999999375,1,106.84
65,107.3,108.3,108.81,0.5100000000000051,2,107.3
66,108.98,109.98,,,4,108.98
67,109.13,110.09,,,6,109.13
68,108.2,109.86,,,8,108.2
69,109.24,109.68,110.95,1.269999999999996,6,109.24
70,109.75,109.68,110.95,1.269999999999996,10,109.75
71,110.95,111.94,112.67,0.730000000000004,5,110.95
72,111.37,111.94,112.67,0.730000000000004,5,111.37
73,111.37,111.94,112.67,0.730000000000004,0,
74,112.67,113.08,113.78,0.7000000000000028,5,112.67
75,114.05,115.59,,,4,114.05
76,112.44,113.08,113.52,0.4399999999999977,3,112.44
77,114.74,114.88,,,6,114.74
78,114.24,115.71,,,1,114.24
79,113.46,115.44,,,3,113.46
80,112.42,115.32,,,1,112.42
81,112.42,115.24,,,4,112.42
82,112.42,115.24,,,0,
83,114.58,115.24,,,5,114.58
84,114.58,115.83,,,0,
85,112.81,115.24,,,2,112.81
86,112.81,115.24,,,0,
87,111.57,115.24,,,3,111.57
88,113.85,115.11,,,5,113.85
89,113.85,115.11,115.56,0.45000000000000284,0,
90,113.85,115.11,115.56,0.45000000000000284,0,
91,115.56,116.72,117.51,0.7900000000000063,4,115.56
92,118.04,117.69,118.04,0.3500000000000085,5,118.04
93,117.21,117.92,118.04,0.12000000000000455,2,117.21
94,118.04,118.7,119.54,0.8400000000000034,4,118.04
95,117.87,118.59,119.54,0.9500000000000028,5,117.87
96,120.05,119.56,120.05,0.4899999999999949,6,120.05
97,118.86,119.71,120.05,0.3400000000000034,3,118.86
98,120.05,120.97,,,1,120.05
99,120.05,120.97,,,0,
100,120.09,121.22,,,2,120.09
101,120.09,121.91,,,0,
102,120.09,121.91,,,0,
103,120.09,121.91,,,0,
104,120.69,121.91,,,2,120.69
105,120.79,121.91,,,1,120.79
106,120.79,121.91,,,0,
107,119.89,121.91,,,2,119.89
108,119.89,121.91,,,0,
109,119.89,121.91,,,0,
110,119.89,121.91,,,0,
111,119.89,121.91,,,0,
112,119.89,121.91,,,0,
113,119.89,121.91,,,0,
114,119.89,121.91,,,0,
115,118.23,121.91,,,1,118.23
116,119.32,121.85,,,6,119.32
117,120.25,121.85,,,9,120.25
118,120.25,121.85,,,0,
119,120.25,121.85,122.19,0.3400000000000034,0,
120,122.19,122.61,,,1,122.19
121,123.47,124.39,,,2,123.47
122,123.47,124.39,,,0,
123,123.47,124.39,,,0,
124,123.47,124.39,,,0,
125,123.47,124.39,,,0,
126,123.47,124.39,,,0,
127,123.47,124.39,,,0,
128,123.26,124.31,,,2,123.26
129,123.26,124.96,,,0,
130,123.26,124.96,,,0,
131,123.26,125.0,,,0,
132,123.26,125.0,,,0,
133,122.37,125.0,,,1,122.37
134,123.82,124.47,,,12,123.82
135,123.05,124.31,125.46,1.1499999999999915,5,123.05
136,126.06,126.39,,,2,126.06
137,126.06,126.56,,,0,
138,125.78,126.56,,,5,125.78
139,124.43,126.46,,,4,124.43
140,122.7,126.46,,,2,122.7
141,122.87,126.46,,,2,122.87
142,122.87,126.46,,,0,
143,122.87,126.46,,,0,
144,122.87,126.46,,,0,
145,122.87,126.46,,,0,
146,122.87,126.46,,,0,
147,123.91,126.46,,,3,123.91
148,124.44,126.0,,,6,124.44
149,124.47,126.0,,,5,124.47
150,124.47,126.0,,,0,
151,124.47,126.0,,,0,
152,124.47,126.0,,,0,
153,124.47,126.0,,,0,
154,124.47,126.0,,,0,
155,124.47,126.0,,,0,
156,124.47,126.0,,,0,
157,124.47,126.0,,,0,
158,124.47,126.0,,,0,
159,123.15,126.0,,,4,123.15
160,123.83,125.82,,,3,123.83
161,123.83,125.82,,,0,
162,123.83,125.82,,,0,
163,123.83,125.82,,,0,
164,123.83,125.82,,,0,
165,123.83,125.82,,,0,
166,123.83,125.82,,,0,
167,123.83,125.82,,,0,
168,123.83,125.82,,,0,
169,123.83,125.82,,,0,
170,123.83,125.82,,,0,
171,123.83,125.82,,,0,
172,123.83,125.82,,,0,
173,123.83,125.82,,,0,
174,123.83,125.82,,,0,
175,123.83,125.82,,,0,
176,123.83,125.82,,,0,
177,123.83,125.82,,,0,
178,123.12,125.82,,,2,123.12
179,123.12,125.82,,,0,
180,123.12,125.82,,,0,
181,123.12,125.82,,,0,
182,123.12,125.82,,,0,
183,123.12,125.82,,,0,
184,123.12,125.82,,,0,
185,123.12,125.82,,,0,
186,123.12,125.82,,,0,
187,123.12,125.82,,,0,
188,123.12,125.82,,,0,
189,123.12,125.82,,,0,
190,122.69,125.74,,,1,122.69
191,124.06,125.74,,,2,124.06
192,124.06,125.74,,,0,
193,124.06,125.74,,,0,
194,124.06,125.74,,,0,
195,124.06,125.74,,,0,
196,124.06,125.74,,,0,
197,124.06,125.74,,,0,
198,124.06,125.85,,,0,
199,124.06,125.85,,,0,
200,124.06,125.85,,,0,
201,124.06,125.85,,,0,
202,124.06,125.85,,,0,
203,124.06,125.85,,,0,
204,124.38,125.9,,,1,124.38
205,125.48,126.1,,,2,125.48
206,126.09,126.97,,,1,126.09
207,126.09,126.97,,,0,
208,126.09,126.97,,,0,
209,126.09,127.06,,,0,
210,126.09,127.45,,,0,
211,126.09,127.45,,,0,
212,126.45,127.45,,,2,126.45
213,126.45,128.08,,,0,
214,126.45,128.08,,,0,
215,126.59,128.93,,,1,126.59
216,127.5,128.93,,,1,127.5
217,127.11,128.72,,,2,127.11
218,127.11,128.72,,,0,
219,125.68,128.72,,,1,125.68
220,125.68,128.72,,,0,
221,125.68,128.72,,,0,
222,125.68,128.72,,,0,
223,125.68,128.72,,,0,
224,125.68,128.72,,,0,
225,125.68,128.72,,,0,
226,125.68,128.72,,,0,
227,126.45,128.45,,,8,126.45
228,126.45,128.45,,,0,
229,126.45,128.45,,,0,
230,125.47,128.45,,,1,125.47
231,125.47,128.45,,,0,
232,125.47,128.45,,,0,
233,126.89,128.45,,,1,126.89
234,126.89,128.45,,,0,
235,126.89,128.45,,,0,
236,126.92,129.4,,,1,126.92
237,126.92,129.4,,,0,
238,126.92,129.4,,,0,
239,126.92,129.4,,,0,
240,126.92,129.4,,,0,
241,126.92,129.4,,,0,
242,126.92,129.4,,,0,
243,126.92,129.4,,,0,
244,126.92,129.4,,,0,
245,126.92,129.4,,,0,
246,126.92,129.4,,,0,
247,126.92,129.4,,,0,
248,128.41,128.66,,,2,128.41
249,128.41,128.91,,,0,
250,127.28,128.91,,,1,127.28
251,127.28,129.04,,,0,
252,127.28,129.04,,,0,
253,127.28,129.04,,,0,
254,127.28,129.04,,,0,
255,127.28,129.04,,,0,
256,127.28,129.04,,,0,
257,127.28,129.04,,,0,
258,127.28,129.04,,,0,
259,127.45,128.91,,,7,127.45
260,127.45,128.91,129.25,0.3400000000000034,0,
261,128.16,128.91,129.25,0.3400000000000034,1,128.16
262,129.25,130.54,,,1,129.25
263,129.25,131.14,,,0,
264,129.4,130.54,,,3,129.4
265,129.4,131.28,,,0,
266,129.4,131.28,,,0,
267,130.02,131.28,,,1,130.02
268,130.02,131.28,,,0,
269,130.02,131.89,,,0,
270,130.02,131.89,,,0,
271,130.02,131.89,,,0,
272,130.02,131.89,,,0,
273,130.02,131.89,,,0,
274,130.02,131.89,,,0,
275,130.02,131.89,,,0,
276,130.02,131.89,,,0,
277,130.02,131.89,,,0,
278,130.02,131.89,,,0,
279,130.02,131.89,,,0,
280,130.02,131.89,,,0,
281,130.02,131.89,,,0,
282,130.02,131.89,,,0,
283,131.13,131.89,,,2,131.13
284,131.13,131.89,,,0,
285,131.13,131.89,,,0,
286,131.13,132.13,,,0,
287,131.13,132.13,,,0,
288,131.13,132.13,,,0,
289,131.13,132.39,,,0,
290,131.13,132.39,,,0,
291,131.13,132.72,,,0,
292,131.13,132.72,,,0,
293,131.13,132.72,,,0,
294,131.13,132.72,,,0,
295,131.13,132.72,,,0,
296,131.13,132.72,,,0,
297,131.13,132.72,,,0,
298,131.13,133.09,,,0,
299,131.13,133.09,,,0,
300,131.13,133.09,,,0,
301,131.13,133.09,,,0,
302,131.13,133.09,,,0,
303,131.13,133.09,,,0,
304,131.13,133.09,,,0,
305,131.13,133.09,,,0,
306,131.13,133.09,,,0,
307,131.13,133.09,,,0,
308,131.13,133.09,,,0,
309,131.13,133.09,,,0,
310,130.93,133.09,,,2,130.93
311,130.93,133.09,,,0,
312,130.93,133.09,,,0,
313,130.93,133.09,,,0,
314,130.93,133.09,,,0,
315,130.93,133.09,,,0,
316,130.93,133.09,,,0,
317,130.93,133.09,,,0,
318,130.93,133.09,,,0,
319,131.11,133.06,,,3,131.11
320,131.11,133.06,,,0,
321,131.11,133.06,,,0,
322,131.11,133.06,,,0,
323,131.11,133.06,,,0,
324,131.11,133.06,,,0,
325,132.1,132.93,,,2,132.1
326,132.1,132.93,,,0,
327,132.1,132.93,,,0,
328,132.1,133.8,,,0,
329,132.1,133.8,,,0,
330,132.1,133.8,,,0,
331,132.47,133.8,,,1,132.47
332,132.47,133.8,,,0,
333,131.02,133.8,,,2,131.02
334,130.17,133.63,,,1,130.17
335,130.17,133.63,,,0,
336,131.15,133.43,,,5,131.15
337,132.97,133.43,,,1,132.97
338,132.97,133.43,134.37,0.9399999999999977,0,
339,132.97,133.43,134.37,0.9399999999999977,0,
340,134.37,133.59,134.37,0.7800000000000011,2,134.37
341,134.37,134.48,,,2,134.37
342,135.96,136.02,,,1,135.96
343,135.96,136.46,,,0,
344,135.96,136.46,,,0,
345,135.96,136.46,,,0,
346,137.19,137.87,,,2,137.19
347,137.95,138.88,,,1,137.95
348,137.95,138.88,,,0,
349,137.95,138.88,,,0,
350,137.95,138.88,,,0,
351,138.72,139.62,,,2,138.72
352,138.72,139.62,,,0,
353,138.72,139.62,,,0,
354,138.72,140.48,,,0,
355,136.73,140.48,,,1,136.73
356,136.73,140.48,,,0,
357,136.73,140.48,,,0,
358,137.85,139.22,,,11,137.85
359,137.85,139.22,,,0,
360,137.85,139.22,,,0,
361,137.85,139.22,,,0,
362,137.85,139.22,,,0,
363,137.85,139.22,,,0,
364,137.85,139.22,,,0,
365,137.85,139.22,,,0,
366,137.85,139.31,,,0,
367,137.85,139.31,,,0,
368,137.85,139.31,,,0,
369,137.85,139.31,,,0,
370,137.85,139.31,,,0,
371,137.85,139.44,,,0,
372,137.85,139.44,,,0,
373,137.85,139.44,,,0,
374,137.85,139.44,,,0,
375,137.35,139.31,,,1,137.35
376,137.35,139.31,,,0,
377,137.35,139.31,,,0,
378,137.35,139.31,,,0,
379,137.35,139.31,,,0,
380,137.35,139.31,,,0,
381,137.14,139.22,,,4,137.14
382,137.14,139.22,,,0,
383,137.14,139.22,,,0,
384,137.14,139.22,,,0,
385,137.14,139.22,,,0,
386,137.14,139.22,,,0,
387,137.14,139.22,,,0,
388,137.14,139.22,,,0,
389,137.14,139.22,,,0,
390,136.09,139.22,,,2,136.09
391,136.91,139.22,,,9,136.91
392,138.61,139.22,,,1,138.61
393,138.61,140.08,,,0,
394,137.74,140.08,,,1,137.74
395,135.99,140.08,,,1,135.99
396,137.29,139.41,,,6,137.29
397,136.62,139.22,,,1,136.62
398,136.62,139.22,,,0,
399,136.62,139.22,,,0,
400,136.62,139.22,,,0,
401,136.62,139.22,,,0,
402,136.62,139.22,,,0,
403,137.17,139.14,,,4,137.17
404,137.4,139.13,,,4,137.4
405,137.12,139.11,,,1,137.12
406,137.12,139.11,,,0,
407,138.68,139.11,,,1,138.68
408,138.68,140.49,,,0,
409,140.6,141.46,,,1,140.6
410,142.39,142.43,,,2,142.39
411,143.59,144.32,,,1,143.59
412,143.59,145.26,,,0,
413,143.59,145.26,,,0,
414,143.59,145.26,,,0,
415,143.59,145.26,,,0,
416,143.59,145.26,,,0,
417,143.59,145.26,,,0,
418,143.06,145.55,,,1,143.06
419,142.27,145.26,,,3,142.27
420,142.27,145.26,,,0,
421,142.27,145.26,,,0,
422,143.01,144.96,,,7,143.01
423,143.01,144.96,,,0,
424,143.01,144.96,,,0,
425,141.88,144.96,,,2,141.88
426,142.67,144.89,,,3,142.67
427,144.33,144.81,,,3,144.33
428,144.33,146.3,,,0,
429,146.16,147.1,,,5,146.16
430,147.41,149.12,,,1,147.41
431,146.98,149.44,,,2,146.98
432,146.98,149.44,,,0,
433,146.98,149.44,,,0,
434,148.74,149.7,,,1,148.74
435,148.74,149.7,,,0,
436,148.74,149.7,,,0,
437,148.74,150.64,,,0,
438,148.74,150.64,,,0,
439,147.62,149.67,,,4,147.62
440,147.6,149.67,,,2,147.6
441,147.6,149.67,,,0,
442,147.6,149.67,,,0,
443,147.6,149.67,,,0,
444,147.6,149.67,,,0,
445,147.88,149.31,,,10,147.88
446,147.88,149.62,,,0,
447,147.88,149.62,,,0,
448,147.88,149.62,,,0,
449,149.52,149.62,149.71,0.09000000000000341,1,149.52
450,149.71,150.68,,,2,149.71
451,149.09,150.64,,,3,149.09
452,149.09,150.78,,,0,
453,149.09,150.78,,,0,
454,149.09,150.78,,,0,
455,149.09,150.78,,,0,
456,149.09,150.78,,,0,
457,149.09,150.78,,,0,
458,149.09,150.78,,,0,
459,149.09,150.9,,,0,
460,149.09,150.93,,,0,
461,149.09,150.93,,,0,
462,149.09,150.93,,,0,
463,149.09,150.93,,,0,
464,149.09,150.93,,,0,
465,149.09,150.93,,,0,
466,149.45,150.9,,,1,149.45
467,149.45,150.9,,,0,
468,149.45,150.95,,,0,
469,149.45,150.95,,,0,
470,149.45,150.97,,,0,
471,149.45,150.97,,,0,
472,149.45,150.97,151.3,0.3300000000000125,0,
473,149.45,150.97,151.3,0.3300000000000125,0,
474,149.45,150.97,151.3,0.3300000000000125,0,
475,151.3,152.26,,,1,151.3
476,152.42,153.38,,,1,152.42
477,152.42,153.71,,,0,
478,152.42,153.71,,,0,
479,152.42,153.71,,,0,
480,152.42,153.71,,,0,
481,152.42,153.71,,,0,
482,152.42,154.19,,,0,
483,152.42,154.19,,,0,
484,152.42,154.19,,,0,
485,152.42,154.35,,,0,
486,152.42,154.35,,,0,
487,152.42,154.35,,,0,
488,152.42,154.35,,,0,
489,152.42,154.35,,,0,
490,152.42,154.35,,,0,
491,152.42,154.35,,,0,
492,152.42,154.35,,,0,
493,152.42,154.35,,,0,
494,152.42,154.35,,,0,
495,152.42,154.35,,,0,
496,152.42,154.35,,,0,
497,152.42,154.41,,,0,
498,152.42,154.41,,,0,
499,152.42,154.41,,,0,
500,152.42,154.41,,,0,
501,152.42,154.41,,,0,
502,152.42,154.41,,,0,
503,152.42,154.41,,,0,
504,152.42,154.41,,,0,
505,152.42,154.41,,,0,
506,151.79,154.41,,,1,151.79
507,151.79,154.41,,,0,
508,149.87,154.41,,,1,149.87
509,151.39,154.19,,,10,151.39
510,152.04,153.93,,,8,152.04
511,152.04,153.93,,,0,
512,151.25,153.71,,,2,151.25
513,151.73,153.47,,,7,151.73
514,151.73,153.47,,,0,
515,153.19,153.47,,,1,153.19
516,152.81,153.46,,,2,152.81
517,153.41,153.46,,,4,153.41
518,153.41,155.17,,,0,
519,153.41,155.17,,,0,
520,153.41,155.17,,,0,
521,155.25,156.47,,,4,155.25
522,155.39,156.47,,,2,155.39
523,157.08,158.03,,,1,157.08
524,157.09,157.97,,,5,157.09
525,157.09,157.97,,,0,
526,155.16,157.61,,,3,155.16
527,155.16,157.61,,,0,
528,155.16,157.61,,,0,
529,155.16,157.61,,,0,
530,155.16,157.61,,,0,
531,155.16,157.61,,,0,
532,155.16,157.61,,,0,
533,155.16,157.61,,,0,
534,155.63,157.49,,,6,155.63
535,156.06,157.13,,,5,156.06
536,155.73,157.06,,,4,155.73
537,157.06,156.87,157.06,0.18999999999999773,1,157.06
538,157.06,157.91,,,1,157.06
539,157.06,158.55,,,0,
540,158.08,158.81,,,2,158.08
541,158.08,158.81,,,0,
542,158.08,158.81,,,0,
543,158.44,159.45,,,2,158.44
544,158.44,159.45,,,0,
545,157.65,159.44,,,3,157.65
546,158.6,159.56,,,1,158.6
547,158.6,159.56,,,0,
548,158.6,159.56,,,0,
549,158.6,159.56,,,0,
550,158.6,159.56,,,0,
551,159.21,159.7,,,1,159.21
552,159.48,161.43,,,1,159.48
553,159.48,161.43,,,0,
554,159.48,161.43,,,0,
555,159.13,161.43,,,1,159.13
556,159.13,161.43,,,0,
557,157.91,161.43,,,2,157.91
558,157.91,161.43,,,0,
559,157.91,161.43,,,0,
560,157.91,161.43,,,0,
561,157.91,161.43,,,0,
562,158.92,160.84,,,13,158.92
563,158.92,160.84,,,0,
564,158.92,160.84,,,0,
565,158.92,160.84,,,0,
566,158.92,160.84,,,0,
567,158.92,160.84,,,0,
568,158.92,160.84,,,0,
569,158.92,160.84,,,0,
570,158.92,160.84,,,0,
571,158.92,160.84,,,0,
572,158.92,160.84,,,0,
573,160.39,160.78,,,2,160.39
574,160.39,160.89,,,0,
575,160.39,161.84,,,0,
576,160.39,161.84,,,0,
577,160.39,161.84,,,0,
578,160.39,161.87,,,0,
579,160.39,161.87,,,0,
580,160.39,161.87,,,0,
581,158.44,161.87,,,1,158.44
582,158.44,161.87,,,0,
583,158.42,161.87,,,1,158.42
584,160.88,161.87,,,9,160.88
585,160.87,161.84,,,2,160.87
586,160.87,162.14,,,0,
587,161.97,162.14,,,2,161.97
588,161.77,161.84,,,2,161.77
589,161.77,161.84,,,0,
590,161.77,162.27,,,0,
591,161.77,162.56,,,0,
592,161.5,162.53,,,1,161.5
593,161.5,163.03,,,0,
594,161.5,163.03,,,0,
595,160.78,163.33,,,4,160.78
596,158.8,162.53,,,4,158.8
597,159.92,162.53,,,6,159.92
598,160.47,162.27,,,7,160.47
599,160.62,162.0,,,9,160.62
600,160.56,162.0,,,7,160.56
601,160.06,162.0,,,4,160.06
602,161.93,162.0,162.05,0.05000000000001137,4,161.93
603,162.05,162.0,162.05,0.05000000000001137,6,162.05
604,160.3,161.75,162.05,0.30000000000001137,5,160.3
605,161.4,161.36,162.05,0.6899999999999977,5,161.4
606,161.4,161.36,162.05,0.6899999999999977,0,
607,162.05,161.88,162.05,0.17000000000001592,3,162.05
608,162.66,162.47,162.66,0.18999999999999773,6,162.66
609,162.66,162.81,163.22,0.4099999999999966,2,162.66
610,163.7,164.38,,,5,163.7
611,163.39,165.02,,,1,163.39
612,162.89,165.02,,,1,162.89
613,164.3,164.38,,,4,164.3
614,165.27,165.44,,,1,165.27
615,165.27,165.77,,,0,
616,165.27,167.21,,,0,
617,166.23,167.22,,,2,166.23
618,166.23,167.69,,,0,
619,166.23,167.69,,,0,
620,166.23,167.69,,,0,
621,166.23,168.23,,,0,
622,166.76,168.0,,,4,166.76
623,165.45,168.0,,,2,165.45
624,164.95,168.0,,,1,164.95
625,164.95,168.0,,,0,
626,166.21,167.41,,,6,166.21
627,166.21,167.41,,,0,
628,166.61,167.29,,,4,166.61
629,166.61,167.29,,,0,
630,164.62,167.22,,,5,164.62
631,164.62,167.22,,,0,
632,165.17,167.07,,,6,165.17
633,165.37,166.73,,,12,165.37
634,165.37,166.73,,,0,
635,165.37,167.37,,,0,
636,164.15,167.37,,,1,164.15
637,165.01,166.73,,,4,165.01
638,164.76,166.73,,,5,164.76
639,164.26,166.73,,,3,164.26
640,163.76,166.72,,,1,163.76
641,166.72,166.69,166.72,0.030000000000001137,5,166.72
642,166.72,166.94,,,1,166.72
643,166.72,167.22,,,0,
644,166.72,167.22,,,0,
645,166.72,167.22,,,0,
646,166.72,168.48,,,0,
647,166.72,168.48,,,0,
648,166.72,168.48,,,0,
649,166.72,168.59,,,0,
650,166.72,168.59,,,0,
651,166.46,168.59,,,4,166.46
652,166.46,168.59,,,0,
653,166.46,168.59,,,0,
654,166.46,168.59,,,0,
655,166.46,168.59,,,0,
656,165.76,168.39,169.04,0.6500000000000057,4,165.76
657,165.76,168.39,169.04,0.6500000000000057,0,
658,165.76,168.39,169.04,0.6500000000000057,0,
659,165.76,168.39,169.04,0.6500000000000057,0,
660,169.04,170.62,,,1,169.04
661,169.04,170.74,,,0,
662,167.58,170.62,,,4,167.58
663,167.58,170.62,,,0,
664,167.58,170.62,,,0,
665,169.0,170.31,,,1,169.0
666,169.0,170.43,,,0,
667,169.0,170.43,,,0,
668,169.0,170.43,,,0,
669,170.92,171.55,,,2,170.92
670,170.92,172.17,,,0,
671,170.92,172.17,,,0,
672,170.92,172.17,,,0,
673,171.36,172.31,,,1,171.36
674,171.36,172.31,,,0,
675,171.67,172.89,,,2,171.67
676,171.67,173.5,,,0,
677,171.67,173.5,,,0,
678,171.67,173.5,,,0,
679,170.45,173.5,,,3,170.45
680,170.45,173.5,,,0,
681,170.45,173.5,,,0,
682,170.45,173.5,,,0,
683,170.45,173.5,,,0,
684,170.45,173.5,,,0,
685,170.45,173.5,,,0,
686,169.95,173.46,,,2,169.95
687,169.45,172.86,,,4,169.45
688,170.41,172.78,,,7,170.41
689,170.84,172.47,,,4,170.84
690,171.58,172.26,,,3,171.58
691,171.79,173.4,,,3,171.79
692,171.79,173.4,,,0,
693,171.79,173.4,,,0,
694,171.79,173.4,,,0,
695,171.79,173.4,,,0,
696,171.3,173.1,,,1,171.3
697,171.3,173.1,,,0,
698,171.3,173.17,,,0,
699,171.3,173.17,,,0,
700,171.3,173.17,,,0,
701,171.3,173.17,,,0,
702,171.3,173.17,,,0,
703,172.76,174.46,,,2,172.76
704,172.76,174.46,,,0,
705,172.76,174.46,,,0,
706,174.32,175.75,,,2,174.32
707,174.32,175.75,,,0,
708,175.91,176.86,,,2,175.91
709,175.91,176.86,,,0,
710,176.39,177.29,,,3,176.39
711,176.39,177.29,,,0,
712,176.39,177.29,177.8,0.5100000000000193,0,
713,177.8,179.53,,,1,177.8
714,177.8,179.53,,,0,
715,177.8,179.53,,,0,
716,177.8,179.53,,,0,
717,177.8,179.53,,,0,
718,177.8,179.53,,,0,
719,177.8,179.53,,,0,
720,177.8,179.53,,,0,
721,177.24,179.53,,,2,177.24
722,177.24,179.53,,,0,
723,178.1,179.42,,,1,178.1
724,178.18,179.42,179.67,0.25,4,178.18
725,178.18,179.42,179.67,0.25,0,
726,178.18,179.42,179.67,0.25,0,
727,178.18,179.42,179.67,0.25,0,
728,179.67,179.6,,,1,179.67
729,179.67,181.57,,,0,
730,179.67,181.57,,,0,
731,179.67,181.57,,,0,
732,179.67,181.57,,,0,
733,181.21,182.05,183.03,0.9799999999999898,1,181.21
734,183.03,183.78,,,5,183.03
735,184.62,185.16,,,2,184.62
736,184.62,185.16,,,0,
737,184.62,185.72,,,0,
738,184.62,186.37,,,0,
739,184.62,186.37,,,0,
740,184.62,186.37,,,0,
741,184.62,186.37,,,0,
742,184.62,186.37,,,0,
743,184.62,186.37,,,0,
744,184.62,186.37,,,0,
745,184.62,186.37,,,0,
746,184.62,186.37,,,0,
747,184.32,186.44,,,2,184.32
748,184.32,186.44,,,0,
749,184.28,186.44,,,1,184.28
750,184.28,186.44,,,0,
751,184.28,186.44,,,0,
752,184.28,186.44,,,0,
753,184.28,186.44,,,0,
754,184.28,186.44,,,0,
755,185.5,186.37,,,4,185.5
756,185.5,186.37,,,0,
757,185.5,186.37,,,0,
758,185.5,187.37,,,0,
759,185.5,187.37,,,0,
760,185.5,187.37,,,0,
761,185.96,187.37,,,1,185.96
762,185.96,187.59,,,0,
763,185.96,187.59,,,0,
764,185.96,187.59,,,0,
765,185.96,187.59,,,0,
766,185.96,187.59,,,0,
767,185.96,187.59,,,0,
768,185.96,187.59,,,0,
769,185.96,187.59,,,0,
770,185.96,187.59,,,0,
771,185.96,187.59,,,0,
772,185.96,187.59,,,0,
773,185.96,187.59,,,0,
774,185.96,187.59,,,0,
775,185.96,187.59,,,0,
776,186.57,187.43,,,1,186.57
777,186.57,187.43,,,0,
778,186.57,187.48,,,0,
779,186.57,187.63,,,0,
780,186.57,187.63,,,0,
781,186.57,187.63,,,0,
782,186.57,188.38,,,0,
783,186.57,188.38,,,0,
784,186.57,188.38,,,0,
785,186.57,188.38,,,0,
786,186.57,188.38,,,0,
787,186.57,188.38,,,0,
788,186.57,188.47,,,0,
789,186.57,188.47,,,0,
790,186.57,188.47,,,0,
791,186.57,188.47,,,0,
792,186.57,188.47,,,0,
793,186.57,188.47,,,0,
794,186.57,188.47,,,0,
795,186.57,188.47,,,0,
796,186.57,188.47,,,0,
797,186.57,188.47,,,0,
798,186.57,188.47,,,0,
799,186.57,188.47,,,0,
800,186.57,188.47,,,0,
801,186.57,188.47,,,0,
802,187.84,188.38,,,3,187.84
803,186.93,188.47,,,4,186.93
804,186.93,188.47,,,0,
805,186.93,188.47,,,0,
806,186.93,188.47,,,0,
807,186.2,188.47,,,3,186.2
808,186.2,188.47,,,0,
809,186.2,188.47,,,0,
810,186.2,188.47,,,0,
811,186.2,188.47,,,0,
812,186.2,188.47,,,0,
813,186.58,188.12,,,14,186.58
814,186.58,188.12,,,0,
815,186.58,188.12,,,0,
816,185.13,188.08,,,2,185.13
817,185.13,188.08,,,0,
818,185.86,187.77,,,13,185.86
819,185.23,187.76,,,4,185.23
820,185.23,187.76,,,0,
821,186.2,187.7,,,3,186.2
822,186.2,187.7,187.78,0.0800000000000125,0,
823,186.2,187.7,187.78,0.0800000000000125,0,
824,186.2,187.7,187.78,0.0800000000000125,0,
825,186.2,187.7,187.78,0.0800000000000125,0,
826,187.78,187.7,189.06,1.3600000000000136,1,187.78
827,189.06,189.47,,,2,189.06
828,188.95,189.89,,,5,188.95
829,188.95,189.89,,,0,
830,187.91,190.73,,,3,187.91
831,187.91,190.73,,,0,
832,186.54,189.89,,,1,186.54
833,188.3,190.55,,,3,188.3
834,188.3,190.55,,,0,
835,188.11,189.89,,,2,188.11
836,188.11,189.89,,,0,
837,188.11,190.04,,,0,
838,189.02,190.04,,,1,189.02
839,188.3,189.89,,,4,188.3
840,188.3,189.89,,,0,
841,187.5,189.83,,,2,187.5
842,187.5,189.83,,,0,
843,185.83,189.83,,,1,185.83
844,185.33,189.82,,,3,185.33
845,184.83,189.82,,,1,184.83
846,184.33,189.71,,,4,184.33
847,187.4,189.53,,,8,187.4
848,187.4,189.53,,,0,
849,187.72,189.14,,,16,187.72
850,187.72,189.14,,,0,
851,187.63,189.13,,,2,187.63
852,187.63,189.13,,,0,
853,187.63,189.13,,,0,
854,187.63,189.13,,,0,
855,187.63,189.37,,,0,
856,187.63,189.37,,,0,
857,186.33,189.37,,,1,186.33
858,187.1,189.13,,,8,187.1
859,187.1,189.13,,,0,
860,186.27,188.88,189.52,0.6400000000000148,5,186.27
861,188.7,188.85,189.52,0.6700000000000159,3,188.7
862,189.52,189.58,190.88,1.299999999999983,6,189.52
863,190.88,191.58,,,5,190.88
864,190.88,191.58,,,0,
865,190.88,192.49,,,0,
866,190.88,192.49,,,0,
867,189.72,192.76,,,1,189.72
868,189.72,192.76,,,0,
869,191.26,192.76,,,2,191.26
870,191.26,192.76,,,0,
871,191.26,192.92,,,0,
872,191.26,192.92,,,0,
873,190.15,192.92,,,1,190.15
874,191.64,192.92,,,2,191.64
875,190.58,192.79,,,2,190.58
876,190.58,192.79,,,0,
877,192.0,192.79,,,1,192.0
878,192.0,192.79,,,0,
879,192.0,192.79,,,0,
880,192.0,192.79,,,0,
881,192.0,192.79,,,0,
882,192.7,192.79,,,1,192.7
883,192.7,194.58,,,0,
884,194.34,195.15,,,1,194.34
885,194.34,195.15,,,0,
886,194.34,195.15,,,0,
887,194.34,195.15,,,0,
888,194.34,195.43,,,0,
889,194.01,196.31,,,1,194.01
890,194.09,196.31,,,1,194.09
891,194.09,196.31,,,0,
892,194.09,196.31,,,0,
893,194.09,196.31,,,0,
894,194.48,195.89,,,2,194.48
895,194.48,196.28,,,0,
896,194.48,196.28,,,0,
897,195.65,195.7,,,3,195.65
898,195.65,196.15,,,0,
899,195.65,196.15,,,0,
900,195.65,196.15,,,0,
901,195.65,197.3,,,0,
902,195.65,197.3,,,0,
903,195.65,197.3,,,0,
904,195.65,197.3,,,0,
905,195.1,197.6,,,2,195.1
906,195.1,197.6,,,0,
907,195.1,197.6,,,0,
908,195.1,197.6,,,0,
909,195.1,197.6,,,0,
910,195.1,197.6,,,0,
911,194.73,197.41,,,2,194.73
912,197.07,197.3,,,4,197.07
913,197.07,197.69,,,1,197.07
914,197.07,197.69,,,0,
915,197.07,198.84,,,0,
916,196.32,198.08,,,5,196.32
917,196.32,198.08,,,0,
918,196.32,198.08,,,0,
919,196.32,198.08,,,0,
920,195.35,198.08,,,5,195.35
921,195.35,198.08,,,0,
922,195.35,198.08,,,0,
923,195.97,198.08,,,2,195.97
924,196.28,197.57,,,12,196.28
925,196.28,197.57,,,0,
926,196.28,198.1,,,0,
927,196.28,198.1,,,0,
928,197.45,198.1,,,3,197.45
929,197.45,198.8,,,0,
930,197.77,198.42,,,3,197.77
931,197.77,198.42,,,0,
932,197.77,199.52,,,0,
933,198.22,199.74,,,2,198.22
934,198.22,199.74,,,0,
935,198.22,199.91,,,0,
936,198.22,200.06,,,0,
937,196.96,199.91,,,4,196.96
938,196.96,199.91,,,0,
939,196.96,199.91,,,0,
940,196.96,199.91,,,0,
941,198.19,200.14,,,2,198.19
942,198.26,200.14,,,1,198.26
943,200.21,200.96,,,1,200.21
944,198.91,200.96,,,1,198.91
945,198.91,200.96,,,0,
946,198.91,200.96,,,0,
947,198.91,200.96,,,0,
948,198.91,200.96,,,0,
949,198.91,200.96,,,0,
950,198.91,200.96,,,0,
951,198.91,200.96,,,0,
952,198.91,200.96,,,0,
953,198.91,200.96,,,0,
954,199.27,200.76,,,1,199.27
955,199.27,200.76,,,0,
956,199.27,200.76,,,0,
957,199.93,200.76,,,3,199.93
958,199.93,201.27,,,0,
959,199.93,201.27,,,0,
960,199.93,201.27,,,0,
961,199.93,201.27,,,0,
962,199.93,201.27,,,0,
963,200.23,201.27,,,2,200.23
964,200.23,201.84,,,0,
965,200.47,201.27,,,4,200.47
966,200.47,201.28,,,0,
967,200.47,201.28,,,0,
968,200.47,202.38,,,0,
969,200.47,202.42,,,0,
970,198.66,201.84,,,2,198.66
971,199.5,201.28,,,8,199.5
972,197.77,201.25,,,4,197.77
973,198.76,201.06,,,4,198.76
974,198.57,200.97,,,13,198.57
975,198.07,200.97,,,4,198.07
976,197.57,200.97,,,3,197.57
977,197.07,200.91,,,1,197.07
978,198.24,200.64,,,5,198.24
979,197.74,200.64,,,1,197.74
980,198.44,200.44,,,8,198.44
981,198.44,200.44,,,0,
982,198.88,200.43,200.71,0.28000000000000114,6,198.88
983,200.71,202.0,,,2,200.71
984,200.21,202.0,,,1,200.21
985,198.42,201.21,,,6,198.42
986,198.42,201.21,,,0,
987,198.23,201.21,,,1,198.23
988,199.14,201.21,,,2,199.14
989,198.22,200.68,,,1,198.22
990,199.9,200.61,,,2,199.9
991,199.9,200.61,,,0,
992,199.9,200.98,,,0,
993,199.9,200.98,,,0,
994,199.4,201.34,,,1,199.4
995,200.45,200.98,201.33,0.35000000000002274,3,200.45
996,201.53,202.53,,,3,201.53
997,201.53,202.53,,,0,
998,201.53,202.53,,,0,
999,201.47,202.5,,,3,201.47
1000,201.47,202.5,,,0,
